name,degree,review num,address,tel,latitude,longitude
진미평양냉면 별관,3.8,"1,757",서울 강남구 학동로 305-3 정각빌딩 1층,02-515-3469,37.5161452524981,127.036042298778
길목,4.2,539,서울 강남구 영동대로129길 10 1층,02-518-9710,,
송쉐프 본점,3.7,88,서울 강남구 도산대로1길 40 대영빌딩 1층,02-546-1178,37.5193386747828,127.019615704918
육전식당 4호점,4.2,150,서울 강남구 테헤란로8길 11-4 신도빌딩 1층,02-3452-6373,37.4980495536809,127.031990525034
명동관,4.0,173,서울 강남구 남부순환로 2912 그랑프리앤상가 지하 103호,02-563-8882,37.4907059879875,127.056142941592
강강술래 역삼점,3.6,157,서울 강남구 논현로 325 1층,02-567-9233,,
감성타코 강남역점,3.3,"1,320",서울 강남구 강남대로 406 글라스타워 지하1층 B01-1호,02-565-8830,37.4989106629232,127.027637005361
평가옥 삼성점,3.1,77,서울 강남구 삼성로95길 37 1-3층,02-568-1577,,
중앙해장,4.1,"1,592",서울 강남구 영동대로86길 17 육인빌딩 1층,02-558-7905,37.5082825127305,127.065480465852
보노보노플러스 삼성점,4.0,533,서울 강남구 테헤란로 508 해성2빌딩 지하1층,02-3288-8080,37.5068166240241,127.057978287882
난장캠프,4.1,366,서울 강남구 강남대로114길 10 2층,02-516-1446,,
새벽집 청담점,3.3,226,서울 강남구 도산대로101길 6,02-546-5739,37.5255635894763,127.052868425711
신의주찹쌀순대,3.0,284,서울 강남구 영동대로 725 1층,02-511-9081,,
맛짱조개,4.1,836,서울 강남구 언주로134길 18 1층,02-516-4787,,
뽕나무쟁이 선릉본점,4.2,691,서울 강남구 역삼로65길 31 1층,02-558-9279,,
요술포차 역삼점,4.3,36,서울 강남구 테헤란로19길 5 지하1층,02-564-9939,37.500403659162,127.033448923063
구구당,3.6,"4,477",서울 강남구 강남대로102길 35 지하1층,02-539-1979,37.5032854405554,127.027878152155
무월식탁 강남본점,2.7,125,서울 강남구 강남대로102길 23 1층,02-552-9280,,
일편등심 강남,4.4,"1,149",서울 강남구 테헤란로1길 20 지하1층,070-8835-3723,37.4996634128853,127.027810535308
공리 강남구청역점,3.0,523,서울 강남구 선릉로129길 24 은성빌딩 1층,02-541-7663,37.5160623292902,127.039519039271
떡도리탕 강남본점,3.6,"1,910",서울 강남구 테헤란로1길 28-9 성은빌딩 1층,02-501-2940,37.5004988522186,127.028079434784
필경재,2.7,149,서울 강남구 광평로 205,02-445-2115,37.4849056777804,127.095106634765
감나무집,3.5,32,서울 강남구 봉은사로5길 6,02-541-2249,37.5056056857377,127.026414168676
테라로사 포스코센터점,3.9,628,"서울 강남구 테헤란로 440 포스코센터 1,2층",033-648-2760,37.5058149679709,127.056130956028
리북집 논현직영점,3.8,397,서울 강남구 학동로2길 47,02-540-8589,37.5086256248304,127.023672833289
한일관 압구정점,3.4,106,서울 강남구 압구정로38길 14,02-732-3735,37.527783181798,127.032497263908
뽕족 강남역본점,3.6,251,서울 강남구 테헤란로4길 15 메가시티오피스텔 1층 102~104호,02-556-9279,37.4973973244605,127.030244769147
대려도,3.8,97,서울 강남구 역삼로 118 2층,02-555-0550,,
해목,4.1,"1,718",서울 강남구 선릉로145길 14 1-2층,02-6203-0021,,
남도사계고운님,3.7,3,서울 강남구 삼성로81길 22 한정빌딩 2층 201호,02-562-9292,37.5043335543465,127.05590048794
반룡산,3.9,241,서울 강남구 테헤란로78길 26 1층,02-3446-8966,,
명우돈가,4.4,50,서울 강남구 삼성로96길 6,02-558-3392,37.5084506467134,127.056573576289
백억하누 강남본점,4.5,204,"서울 강남구 테헤란로5길 29 1,2층",02-568-8592,,
경평면옥,4.0,114,서울 강남구 삼성로104길 12 2층,02-539-6054,,
마장동박현규,4.3,46,서울 강남구 강남대로128길 27 새호시티라이프빌딩 1층,010-2436-2669,37.5104241673508,127.024327715701
오향절면 양재본점,3.3,942,서울 강남구 남부순환로355길 13 1층,02-3461-9580,,
뱅뱅막국수 역삼본점,4.4,232,서울 강남구 도곡로 112 서한빌딩 1층 103호,0507-1392-4848,37.4896537373705,127.032839070004
함흥면옥 압구정점,3.0,166,서울 강남구 논현로 826 1층,02-515-2505,,
하모,3.5,73,서울 강남구 언주로 819 HB빌딩 2층,02-515-4266,37.5233547626996,127.032799309505
흑우정 압구정로데오 본점,3.9,212,서울 강남구 도산대로57길 7 2층,0507-1366-5412,,
테일러커피 신사점,4.3,290,서울 강남구 강남대로160길 31 1층,02-511-0355,,
티하우스 청담,4.7,242,서울 강남구 삼성로120길 52-1 하랑빌딩 1층,010-2734-4109,37.5189426502959,127.05467488944
강남진해장,3.3,568,서울 강남구 테헤란로5길 11 유빌딩 1층,02-557-2662,37.4994948439229,127.029264003855
한우리 본점,3.1,97,서울 강남구 도산대로 304,02-545-3334,37.5211495474917,127.034729328677
스시선수,4.4,82,서울 강남구 도산대로45길 6 호림아트센터2빌딩 M층,02-514-0812,,
물고기자리 논현점,4.3,179,서울 강남구 학동로4길 39 1층,02-545-4416,,
장인닭갈비 강남점,3.5,"2,589",서울 강남구 테헤란로1길 19 지하 1층,02-3452-3441,37.499602303374,127.027516707375
세시셀라 도산공원점,3.9,505,서울 강남구 도산대로45길 10-4 삼경빌딩 1층,02-3448-7100,37.5231606049458,127.036165585331
호족반 청담,3.7,761,서울 강남구 언주로164길 39 1층,070-8899-3696,,
호무랑,3.5,123,서울 강남구 도산대로 442 피엔폴루스 1층,02-6947-1279,37.5233111622682,127.044119009562
강강술래 청담점,3.4,92,"서울 강남구 도산대로 535 1,2층",02-3443-3392,,
밍글스,4.2,209,서울 강남구 도산대로67길 19 힐탑빌딩 2층,02-515-7306,37.5253702976666,127.044160043187
청담고수 청담점,4.3,193,서울 강남구 도산대로58길 15,02-548-5522,37.5222618849225,127.041551286792
걸신맛집,3.9,43,서울 강남구 테헤란로6길 29 1층,02-566-9285,,
조인바이트,3.7,282,서울 강남구 봉은사로68길 8 덱스빌딩 1층 101호,02-3444-3611,37.5112942657354,127.04986600998
을밀대컵냉면 역삼점,2.9,198,서울 강남구 논현로85길 52 역삼푸르지오시티 207호,02-508-0280,37.4981873504904,127.033813318195
농민백암순대 본점,4.5,"1,346",서울 강남구 선릉로86길 40-4 알앤지타운 1층,02-555-9603,37.5037329376349,127.052982069884
천진영감,3.2,385,서울 강남구 봉은사로6길 26 1층,02-568-0355,,
부부불이 동대문닭한마리,4.0,17,서울 강남구 언주로148길 14 1층,02-512-5780,,
원조원주추어탕 강남본점,3.5,139,서울 강남구 강남대로110길 6,02-557-8647,37.5040392297245,127.025447892521
진대감 논현본점,3.8,69,서울 강남구 학동로38길 38 1층,02-512-0365,,
뻐꾸기,3.7,95,서울 강남구 도산대로17길 4 1층,,,
삼성집,4.5,66,서울 강남구 테헤란로83길 44 1층,02-566-0321,,
아낙감 본점,4.1,45,서울 강남구 논현로38길 14,02-929-9898,37.4850770295603,127.042807212013
설매네,3.6,63,서울 강남구 압구정로30길 23 지하1층,02-548-0090,37.5258914152554,127.029494234094
피양옥,4.5,198,"서울 강남구 압구정로36길 7 1,2층",02-545-9311,,
네모집 청담점,4.6,151,서울 강남구 선릉로148길 28 1층,02-516-3355,,
몽중헌 청담점,3.8,251,서울 강남구 도산대로 445 엠빌딩 지하1층,02-3446-7887,37.5243352600843,127.044788076146
대가방 본점,3.3,433,서울 강남구 봉은사로 333 1층 101~102호,02-544-6336,,
땅코참숯구이 연다라역삼점,4.2,120,서울 강남구 도곡로7길 28,02-562-2009,37.4925710310399,127.034381266758
알베르,3.0,691,서울 강남구 강남대로102길 34,02-566-6181,37.5030565318496,127.028103011462
청기와타운 선릉점,3.6,"2,484",서울 강남구 테헤란로64길 24 Global Takson 빌딩 지하1층,02-557-1474,37.5033351942461,127.051440761262
이남장 삼성점,4.1,222,서울 강남구 봉은사로108길 21 1층,02-569-8726,,
봉산평양냉면,4.3,74,서울 강남구 학동로1길 21 영진빌딩 1층,02-515-3989,37.5128109977461,127.021653916262
삼원가든,,379,서울 강남구 언주로 835,02-548-3030,37.524930419988,127.03253030398
방이편백육분삼십 역삼점,2.8,31,서울 강남구 테헤란로29길 5 1층,070-8777-1120,,
벌교한상,4.2,23,서울 강남구 광평로46길 7 1층,02-451-2226,,
미도인 강남,3.8,"1,992",서울 강남구 강남대로102길 16 1층,02-555-1995,,
아우정,4.3,59,"서울 강남구 테헤란로87길 45 보현빌딩 1, 2층",02-553-9289,37.5106469463389,127.057484037939
이도곰탕 본점,4.1,339,서울 강남구 논현로94길 29-5,02-569-0524,37.503350683906,127.038433980546
동인동,4.1,27,서울 강남구 강남대로156길 14 정금빌딩 1층,02-516-5765,37.5180513714224,127.020384110098
인딕슬로우,4.4,205,서울 강남구 압구정로4길 13 1층 102호,02-511-0139,,
안식레스토랑,4.6,131,서울 강남구 도곡로99길 31 지하1층,02-2039-7861,37.5025884116209,127.065025380615
벽돌해피푸드 압구정점,3.7,459,서울 강남구 도산대로51길 36 1층,02-514-0200,,
땀땀 본점,3.6,"1,753",서울 강남구 강남대로98길 12-5 1층,,37.5006167074857,127.027682078732
농민백암순대 강남직영점,4.6,728,서울 강남구 역삼로3길 20-4 1층,02-501-2772,37.4948618859374,127.031304341517
울프강스테이크하우스,3.7,"1,296",서울 강남구 선릉로152길 21 영인빌딩 1층,02-556-8700,37.5244973932097,127.041463043475
일일향 압구정1호점,3.0,127,서울 강남구 도산대로35길 39 1층,02-545-6154,,
면서울,3.9,496,서울 강남구 선릉로 805 W빌딩 1층,010-8377-5156,37.5241263043193,127.038982210697
장서는날 본점,2.7,69,서울 강남구 강남대로78길 35 1층,02-567-4475,,
베이징덕,3.1,94,서울 강남구 논현로 874 1층,02-512-5252,,
윤화돈까스,3.5,161,서울 강남구 도곡로 221 셀라빌딩 1층,02-3463-0863,37.4933849559237,127.043042522545
룽청,4.1,55,서울 강남구 논현로152길 23 알파빌딩 1층,02-512-0332,37.521514181532,127.030142736691
우돈청,3.1,288,서울 강남구 언주로170길 37,02-544-5055,37.5266144205262,127.036737879251
육성급,4.5,382,서울 강남구 테헤란로79길 25 1층,02-572-2628,,
압구정공주떡,4.1,643,서울 강남구 논현로161길 10 1층,02-516-3643,,
평양면옥,3.2,175,서울 강남구 논현로150길 6 1층,02-549-5378,,
신동궁감자탕뼈숯불구이 선릉직영점,3.6,"1,034",서울 강남구 선릉로86길 39 1층,02-558-7944,,
묵전,3.9,277,서울 강남구 언주로168길 22 1층,02-548-1461,,
이자카야나무 대치점,4.3,209,서울 강남구 선릉로86길 37 덕우빌딩 지하1층,02-566-6787,37.5041125803872,127.052670646106
화로상회 강남논현점,3.8,33,서울 강남구 학동로2길 31 2층,02-540-8592,,
팀호완 삼성점,3.4,934,"서울 강남구 봉은사로86길 30 지하1,1층",0507-1374-3082,37.5114486889099,127.056865845073
금수복국 압구정점,3.5,112,"서울 강남구 언주로 821 금수빌딩 2,3층",02-542-5482,37.5235465872083,127.032795434101
이디야커피랩,4.0,698,서울 강남구 논현로 636 1-2층,02-545-6467,,
고향집,4.6,44,서울 강남구 언주로134길 17 1층,02-543-6363,,
당옥,3.6,250,서울 강남구 강남대로162길 22 1층 101호,02-3443-1227,,
라무진 신사가로수점,4.5,172,서울 강남구 논현로175길 59-4 의봉빌딩 1층,02-512-4890,37.5240673844896,127.024120825888
국미당,3.4,110,서울 강남구 남부순환로359길 19 1층,02-533-6767,,
뱃고동,3.8,933,서울 강남구 언주로172길 54 지하 1층,02-514-8008,37.5268432256129,127.038032539484
트라가 역삼본점,4.1,"1,662",서울 강남구 테헤란로25길 46 1층,02-564-0608,,
큰물참치 강남점,4.0,148,서울 강남구 테헤란로2길 27 패스트파이브빌딩 1층 102호,02-538-2979,37.4964929427239,127.029697867857
레커,4.6,198,서울 강남구 선릉로146길 27-10,02-543-4707,37.5224116192579,127.042346966928
60년전통신촌황소곱창 논현직영점,3.9,292,서울 강남구 봉은사로1길 37 호서빌딩 1층,02-511-4632,,
평가옥 역삼점,3.3,60,"서울 강남구 논현로 519 지하1층,1층",02-556-1577,37.5027841947776,127.035646266916
더라운드 삼성점,2.9,92,서울 강남구 영동대로 648 1층,02-543-4448,,
손국시,3.4,206,서울 강남구 학동로2길 19 1층,02-3444-5488,,
영동삼미숯불갈비,3.8,112,서울 강남구 학동로2길 30,02-549-9485,37.5094736193094,127.022917114554
파씨오네,4.6,283,서울 강남구 언주로164길 39 2층,02-546-7719,,
수담한정식,3.5,182,서울 강남구 봉은사로 418 조양빌딩 지하1층,02-558-4900,37.5105107977587,127.045978619395
호보식당,4.4,"1,172",서울 강남구 논현로85길 43 1층,02-508-3992,,
한성양꼬치 강남2호점,3.9,264,서울 강남구 역삼로3길 14,02-555-6692,37.4944712329113,127.031554427336
스시류,4.0,45,서울 강남구 삼성로 416 은혜빌딩 1층,02-565-3335,37.5042834722292,127.058295259828
텍사스데브라질 압구정점,3.7,592,서울 강남구 논현로 854 지하 1층,02-3442-7734,37.5253215967063,127.028865132152
모도우 삼성점,4.3,984,서울 강남구 테헤란로87길 35 금강빌딩 지하1층,02-565-8324,37.5099628802377,127.057717074415
퀸즈파크 청담점,3.2,208,서울 강남구 압구정로60길 22,02-542-4073,37.5259835445726,127.041610254693
박서방순대국밥 삼성본점,3.3,154,서울 강남구 삼성로 520 1층,02-568-9205,,
쉐이크쉑 청담점,3.5,153,서울 강남구 도산대로 327 SGF청담타워 1층,02-510-5217,37.5231196123278,127.037598626747
황소곱창,4.5,131,서울 강남구 봉은사로82길 16 1층,02-538-9252,,
김태완스시 대치본점,4.9,214,서울 강남구 선릉로64길 17 1층 102호,02-555-3013,,
능라도 강남점,3.8,220,서울 강남구 삼성로 534 싹아트센터 1층,02-569-8939,37.5096776765406,127.055536318832
차이린,3.3,62,서울 강남구 삼성로112길 10,02-543-2847,37.5146487384478,127.053294282396
크래버대게나라 강남점,4.2,374,서울 강남구 언주로 620 현대인텔렉스빌딩 1층,02-547-7998,37.5116193245266,127.036352298064
해담채 강남점,4.0,101,서울 강남구 논현로85길 70 역삼823빌딩 지하1층,02-558-4997,37.4977749894834,127.032422058167
장다리,4.3,129,서울 강남구 압구정로46길 5-14 1층,02-515-7286,,
버터핑거팬케익스 청담점,3.6,129,서울 강남구 선릉로152길 11 세진빌딩 1층,02-3448-1070,37.5242978185218,127.040431221346
마코토 청담점,4.0,307,서울 강남구 압구정로80길 37 이에스빌딩 2층,02-546-9218,37.5243756273018,127.043577647832
고센인코퍼레이티드,2.8,22,서울 강남구 선릉로158길 18,02-515-1863,37.5252104571406,127.041432441138
풍년집 선릉점,4.7,111,서울 강남구 삼성로81길 34,02-561-3811,37.5039866965952,127.054877166342
홍명,3.7,467,서울 강남구 논현로131길 10 1층,02-548-2223,,
금복당,4.4,23,서울 강남구 봉은사로68길 7,02-6081-3174,37.5114729282623,127.050094604815
수목금토카페,3.8,336,서울 강남구 강남대로136길 63 1층,070-4226-7812,,
돝고기506,3.5,362,서울 강남구 테헤란로 145 지하1층,02-6933-9506,37.5007127382074,127.035192693211
신사양꼬치 가로수길본점,3.9,40,서울 강남구 강남대로152길 33 2층,02-545-0216,,
365활새우 창우수산 강남본점,4.0,241,"서울 강남구 학동로 338 강남파라곤 로비층 107,108호",02-518-4546,37.5165402749359,127.04016223452
청담영양센터,3.1,54,서울 강남구 학동로87길 7 1-2층,02-515-9291,,
브루클린더버거조인트 삼성점,3.7,187,서울 강남구 봉은사로84길 10 1층,02-555-7180,,
한성양갈비양꼬치 강남점,3.6,39,서울 강남구 강남대로78길 25,02-556-6692,37.4954349355334,127.031269411977
넥스트에디션 강남5호점,2.7,175,서울 강남구 강남대로94길 11 지하1층,0507-457-6277,37.49954924162,127.028248373333
토영자갈치곰장어 영동점,4.6,5,서울 강남구 학동로2길 20,02-549-8302,37.510049694123,127.022592340645
김인복의광평 삼성본점,4.3,477,서울 강남구 영동대로106길 45 1층,02-561-9990,,
대도식당 삼성점,3.3,106,서울 강남구 삼성로 545 1~3층,02-561-2283,,
작은공간,3.8,385,서울 강남구 남부순환로359길 31,02-3462-3533,37.486832613278,127.035565303937
일일향 삼성11호점,3.4,46,서울 강남구 테헤란로83길 20 1층,02-554-9882,,
한잔의추억,3.2,404,서울 강남구 논현로175길 68 1층,02-541-0969,,
백마김씨네 도곡점,4.4,75,"서울 강남구 남부순환로 2743 지하1층,1-3층",02-579-7113,37.4871558413809,127.045679138685
복이오복국,4.9,155,서울 강남구 도산대로 540 2층,02-3448-4060,,
갓덴스시 강남점,4.1,553,서울 강남구 테헤란로 109 강남제일빌딩 1층,02-2051-1477,37.4988253733783,127.028991540151
스케줄 청담,,623,서울 강남구 선릉로152길 37 1층,02-548-3356,,
회식의달인 신논현점,3.6,775,서울 강남구 학동로2길 39 2층,02-518-2622,,
부타이 1막,3.9,745,서울 강남구 테헤란로88길 22 지하1층,02-544-8422,37.5061711926616,127.060045236879
곰바위,3.6,12,서울 강남구 삼성로 542,02-552-7761,37.5102187627967,127.05527375054
한교방서울면옥,3.2,23,서울 강남구 학동로45길 8 2층,02-545-0090,,
고급오복수산,4.1,224,서울 강남구 논현로 854 지하 1층,02-545-9955,37.5253215967063,127.028865132152
일품헌 역삼점,3.5,64,서울 강남구 언주로93길 30 1층,02-574-7117,,
토담골 논현점,3.5,56,서울 강남구 봉은사로37길 5 태양빌딩 지하1층,02-548-5121,37.5087060706724,127.036759525491
우마쿠라,2.7,71,서울 강남구 선릉로100길 54,02-508-1242,37.5066686236152,127.051692546344
뉴만두집,4.0,507,서울 강남구 압구정로 338 1층,02-544-3710,,
파크루안 역삼점,3.6,126,서울 강남구 논현로 430 아세아빌딩 지하1층,02-562-5565,37.499001193592,127.038355416717
청국장서갈비,3.8,99,서울 강남구 선릉로 420 1층,02-561-1019,,
골드피쉬딤섬퀴진,4.0,907,서울 강남구 압구정로48길 35 2층,02-511-5266,,
꽁티드툴레아 도산점,3.4,606,서울 강남구 도산대로49길 39 1층,070-8846-8490,,
바른고기정육점 강남점,4.1,53,서울 강남구 테헤란로 110 캠브리지빌딩 지하1층,02-501-7020,37.4980657284682,127.029382413368
풍년집 대치점,4.3,103,서울 강남구 삼성로84길 22 1층,02-566-3690,,
팀홀튼 선릉역점,2.7,693,서울 강남구 테헤란로 408 1층,070-7450-1002,,
밀란국수 개포본점,4.2,209,서울 강남구 개포로28길 4 1층 101호,02-574-3216,,
화기애애 강남점,3.3,284,서울 강남구 강남대로106길 12 1-2층,02-508-6177,,
명인등심 삼성직영점,3.8,74,서울 강남구 봉은사로86길 30 3층,02-3288-3301,,
브라운핸즈 도곡점,2.8,71,서울 강남구 논현로26길 48 브라운핸즈도곡점,02-572-0332,37.4839475575914,127.046075175616
마노디셰프 삼성점,3.8,317,서울 강남구 테헤란로87길 21 동성빌딩 지하1층,02-561-9011,37.5090527842434,127.058249994864
마일스톤커피,4.5,845,서울 강남구 논현로159길 49 1층,070-4219-1195,,
물고기자리,4.6,15,서울 강남구 언주로133길 18 2층,02-548-3392,,
한성칼국수,,326,서울 강남구 언주로148길 14 청호상가빌딩 가동 2층,02-544-0540,37.5206301397046,127.036162554013
창고43 강남점,3.4,246,서울 강남구 강남대로 362 대륭강남타워 지하1층,02-508-0043,37.4953055764745,127.029416048324
나이스샤워 역삼점,3.9,115,서울 강남구 테헤란로10길 25 뜨라네아파트 1층 106호,02-558-6008,37.4975892274124,127.032981074946
신동궁감자탕 역삼직영점,3.3,"1,109",서울 강남구 테헤란로10길 21,,37.497887119026,127.032913354099
을밀대 강남점,3.5,304,서울 강남구 테헤란로4길 46 지하1층,02-552-1922,37.4955481444177,127.03006467392
바스버거 역삼점,4.0,167,서울 강남구 테헤란로26길 10 성보빌딩 지하1층,02-568-6654,37.4996347605088,127.035838830564
어성,3.9,15,서울 강남구 언주로 843 2층,02-3442-6686,,
우생한우 본점,4.7,7,서울 강남구 강남대로112길 35 1층,02-546-9233,,
그롬,4.3,4,서울 강남구 영동대로138길 21 피움빌딩 2층,02-511-6319,37.5234838077916,127.056182200676
부엉이식당,3.8,55,서울 강남구 학동로12길 8 1층,,,
그릴1492 삼성1호점,3.8,178,서울 강남구 삼성로91길 36 J타워 1층,02-555-1492,37.5065769707411,127.053360022611
풍천가 청담점,4.3,160,서울 강남구 도산대로56길 7 1-2층,02-548-5310,,
스크렘,3.4,330,서울 강남구 봉은사로4길 17,,37.5037271673496,127.026468923524
우미학,4.0,227,서울 강남구 압구정로30길 51 I.S.A빌딩 2층,02-518-2213,37.5239285235536,127.029366308026
브루클린더버거조인트 가로수길점,3.9,402,서울 강남구 도산대로15길 12 가로수빌딩 1층,02-545-0718,37.5190748481366,127.024070351583
세종한우 학동역점,3.8,220,서울 강남구 학동로 219 국제빌딩 지하1층,02-516-3330,37.5149944434401,127.033126051166
어거스트힐 강남점,4.0,"2,371",서울 강남구 강남대로106길 25 1층,02-568-8003,,
두껍삼 역삼직영점,,259,서울 강남구 테헤란로8길 17 1~3층,1670-3592,,
청담옥,4.1,452,서울 강남구 도곡로 228 1층,02-529-8982,,
인평일등추어탕,4.0,20,서울 강남구 선릉로 555 선릉빌딩 1층,02-552-8889,37.5079883388025,127.044823095968
호신각,3.8,181,서울 강남구 테헤란로81길 16 화성빌딩 2층,02-553-2888,37.5082026884603,127.057138785958
비어룸,3.9,219,서울 강남구 강남대로98길 22,0507-1429-5956,37.5008236609675,127.028472207882
르브런쉭,3.8,25,서울 강남구 강남대로162길 41-22 1층 102호,02-542-1985,37.5210023004665,127.021602663764
불이아 역삼점,4.1,330,서울 강남구 논현로 514 1-2층,02-556-6689,,
돈블랑 청담스퀘어점,3.7,88,서울 강남구 도산대로 420 청담스퀘어 B동 4층,02-6407-7474,37.5230539082669,127.042195064505
수다 청담점,4.6,298,서울 강남구 도산대로57길 15 1-2층,02-593-3584,,
양파이 강남점,3.8,316,서울 강남구 강남대로94길 14,,37.4992880521588,127.028572160531
빌즈 강남,3.2,457,서울 강남구 테헤란로 142 아크플레이스 2층,02-568-1353,37.4997440471512,127.034954751198
그레이스케일커피,3.5,57,서울 강남구 강남대로102길 38,,37.5032221916184,127.028250435659
봉밀가 강남구청점,4.4,91,서울 강남구 선릉로 664 1층,02-546-2305,,
진전복삼계탕 강남구청점,4.0,276,서울 강남구 선릉로129길 21 1층,02-515-8937,,
청라,4.1,23,서울 강남구 학동로 405 2층,02-511-1866,,
명륜진사갈비 강남역삼점,3.6,291,서울 강남구 도곡로7길 17 두범빌딩 지하1층,02-553-7250,37.4917553671749,127.034319265817
라모따,4.6,198,서울 강남구 논현로153길 54 1층,070-8876-0808,,
츄라우미 역삼본점,2.9,"3,764",서울 강남구 언주로93길 21 남전타운 2층,02-558-7771,37.5033301478464,127.040305799358
마초갈비 선릉역점,3.9,87,서울 강남구 선릉로93길 11 1층,02-567-0903,,
곰바위 봉은사 본점,3.3,101,서울 강남구 영동대로115길 10,02-511-0068,37.5148920028536,127.058814098409
대우부대찌개,3.7,575,서울 강남구 테헤란로25길 34 1층,02-552-1663,,
카츠바이콘반,4.3,710,서울 강남구 선릉로153길 36 1층,02-547-3903,,
남도애찬,4.1,66,서울 강남구 역삼로3길 8 1층,0507-1329-1588,,
천미미,4.1,280,서울 강남구 강남대로152길 11 1층,02-540-7200,,
우밀가 안동국시 선릉점,3.3,5,서울 강남구 선릉로93길 26 2층,02-557-1855,,
별양집,4.4,120,"서울 강남구 테헤란로43길 17 지하1,1층",02-501-2937,37.5044034043625,127.043661150546
루비떡볶이,3.3,311,서울 강남구 선릉로153길 21 1층,,,
꽃새우영번지 역삼점,3.3,87,서울 강남구 언주로 536 1층,02-501-2050,,
영동장어,,464,서울 강남구 언주로148길 8 1층,02-3448-9991,,
참족,4.2,35,서울 강남구 도곡로2길 14 1층,02-577-5772,,
르챔버,3.0,64,서울 강남구 도산대로55길 42 지하1층,,37.526255545851,127.041127909578
그랜드인터컨티넨탈 서울파르나스 그랜드키친,4.1,585,서울 강남구 테헤란로 521 1층,02-559-7575,,
온기정,3.1,431,서울 강남구 압구정로4길 13-9 1층,02-545-7940,37.5218985731036,127.020333459643
스타벅스 강남오거리점,3.8,45,서울 강남구 봉은사로2길 39 1~3층,1522-3232,,
목포명가 삼성점,2.7,711,"서울 강남구 삼성로100길 24 킴스101 지하1, 1층",02-565-3736,37.5098720924876,127.057278045951
신사모소리,4.4,235,서울 강남구 도산대로1길 24 1층 103호,02-3447-0542,,
알라프리마,4.4,209,서울 강남구 학동로17길 13 지하1층 B101호,02-511-2555,37.5135511914487,127.026024816051
고래불 역삼본점,3.7,"1,572",서울 강남구 논현로79길 62 1층,02-556-3677,,
정돈 강남점,4.2,519,서울 강남구 강남대로110길 19-1 1층,,,
신미식당,3.9,205,서울 강남구 압구정로 214 1층,02-516-4900,,
지구당 가로수길점,3.5,18,서울 강남구 압구정로14길 32 1층,02-542-3817,,
마녀주방 강남점,3.8,282,"서울 강남구 강남대로94길 9 크리스탈빌딩 지하1,지하2층",,37.4994839547907,127.028096922783
돈비고고,3.7,234,서울 강남구 강남대로106길 7 2층,02-558-2058,,
광양본가 강남역국기원사거리본점,4.2,81,서울 강남구 테헤란로 124 삼원타워 1층,02-555-8494,37.4987846719974,127.031703595662
개그맨정용국의용곱창 강남본점,4.1,36,서울 강남구 언주로108길 8 1층 102~103호,02-2138-3340,,
무등산수만리염소탕 강남점,4.1,48,서울 강남구 역삼로2길 13 1층,02-501-3404,,
오스테리아 꼬또 압구정점,2.9,385,서울 강남구 언주로165길 7-12 1층,02-518-1962,,
바오로흑염소 선릉점,4.0,237,서울 강남구 선릉로93길 18 2층,02-557-3301,,
개성집,3.0,37,서울 강남구 봉은사로1길 6,02-547-8526,37.5052595944872,127.0252472193
해초록 안방,3.0,11,서울 강남구 영동대로 336,02-554-5522,37.5047832156072,127.065919731139
진미평양냉면 본관,3.7,318,서울 강남구 학동로 307 부마빌딩 1층,,37.5159868609129,127.036320595505
심양 청담본점,3.8,190,서울 강남구 선릉로161길 21 영빌딩 1층,02-545-9211,37.5273787104138,127.038528777361
헬로브라질,4.6,423,서울 강남구 강남대로98길 12 3층,070-8832-3531,,
피양콩할마니,3.2,400,서울 강남구 삼성로81길 30,02-508-4076,37.5041098746658,127.055240972615
정식당,4.3,687,서울 강남구 선릉로158길 11,02-517-4654,37.5256582878579,127.041081085945
마켓오 압구정점,3.9,133,서울 강남구 도산대로 310 2층,02-515-0105,,
김수사,,206,서울 강남구 도산대로12길 7 지하 1층,02-542-5235,37.5172302884873,127.023751904221
경천애인2237 삼성본점,4.2,109,서울 강남구 테헤란로 421 암천빌딩 3층,02-553-2237,37.5059891656909,127.052532174566
고메고매 선릉본점,3.4,714,서울 강남구 삼성로85길 38 지하1층,02-555-9567,37.504618129293,127.054274484491
안동국시,3.3,76,서울 강남구 언주로167길 46 제일빌딩 2층,02-548-4986,37.5266063858882,127.02939202001
쵸이닷,3.4,388,서울 강남구 도산대로 457 앙스돔빌딩 3층,02-518-0318,37.5244485547435,127.046552125487
최가네버섯샤브매운탕칼국수 본점,4.5,484,서울 강남구 도산대로51길 36 2-3층,02-547-7676,,
삼육가 논현직영점,3.9,124,"서울 강남구 강남대로114길 8 지하1층,1층",02-541-8055,37.5056918554336,127.025018227907
타코앤칠리,4.6,331,서울 강남구 강남대로160길 21 1층,02-545-1705,,
강남면옥 신사점,3.2,152,서울 강남구 논현로152길 34 1층,02-3446-5539,,
시추안하우스 삼성점,3.3,161,서울 강남구 테헤란로87길 29 M타워 1층,02-508-1320,37.5095900006982,127.057990612268
해랑,3.3,114,"서울 강남구 봉은사로1길 39 유성빌딩 1층, 2층",02-544-7270,37.5072768673446,127.023887750906
스시소라 대치점,4.2,283,서울 강남구 삼성로85길 33 현대썬앤빌 2층 203호,02-567-8200,37.5042894547839,127.054833280473
더바른정육식당 강남신논현본점,4.3,81,서울 강남구 강남대로 482 1층,02-541-7935,,
까사생갈비,4.4,675,서울 강남구 봉은사로2길 23 2층,02-561-5705,,
청초수물회섭국 강남점,3.8,130,서울 강남구 압구정로28길 24 1층,02-516-5050,,
갈비삼대,4.5,22,서울 강남구 언주로93길 32-6 이담빌딩 1층,02-2269-9292,37.5036309600147,127.039336283761
저스트스테이크,3.5,10,서울 강남구 언주로152길 11-7 1층,02-544-9357,37.5228356465371,127.034549790439
휴가,4.1,106,서울 강남구 논현로119길 16 103동 1층,02-3444-2022,37.5107246628828,127.030841576053
현우동,3.7,623,서울 강남구 논현로149길 53 래성빌딩 101호,02-515-3622,37.5170391628622,127.024306787439
이봉,4.1,16,서울 강남구 테헤란로98길 28 1층,02-501-1468,,
듀자미,2.9,348,서울 강남구 도산대로11길 28 1층,02-3443-0030,,
몽중헌 대치점,3.8,166,서울 강남구 영동대로 325 S-TOWER 1층,02-565-5757,37.5032910260927,127.065495897888
콴안다오,4.2,459,서울 강남구 강남대로156길 28-2 1층,,,
커피빈 강남역12번출구점,4.3,31,서울 강남구 테헤란로 111 대건빌딩 2층,02-569-5838,37.4989136957534,127.029260610601
벽돌집60-5,4.0,22,서울 강남구 테헤란로81길 60-5 1층,02-557-0605,,
가연,3.7,58,서울 강남구 테헤란로51길 15 남경선능빌딩 1층,02-566-6312,37.5048973343193,127.046037379947
이화원,3.8,48,서울 강남구 테헤란로87길 46 호텔오크우드 프리미어 3층,02-3466-7799,,
반갑다 하대포 신강남점,3.5,196,서울 강남구 역삼로3길 7 1층,02-555-6823,,
데일리픽스,3.9,362,서울 강남구 논현로85길 70 역삼823빌딩 1층 102호,070-4222-2022,37.4977749894834,127.032422058167
카페413프로젝트 역삼점,4.2,351,서울 강남구 논현로97길 19-11,070-7798-0544,37.5023537729446,127.034470345735
옛날농장,4.1,39,서울 강남구 테헤란로33길 11 1층,02-3452-2566,,
꿍탈레,3.9,194,서울 강남구 압구정로10길 14,02-543-5358,37.5227822943748,127.021750577543
자매수산 1호점,,328,서울 강남구 봉은사로18길 90 2층,02-501-5534,,
바랗,4.0,43,서울 강남구 도산대로 309 삼공빌딩 지하1층,0503-7151-4361,37.5223481959895,127.035187694418
포브라더스 도곡점,3.7,335,서울 강남구 논현로28길 40 덕영빌딩 1층,02-574-4147,37.4840179477681,127.045320958769
브라운홀릭,3.4,155,서울 강남구 강남대로98길 25 1층,02-555-5978,,
덕후선생,3.4,135,서울 강남구 선릉로 822 유리빌딩 5층,02-514-3663,37.5252591861539,127.040172451405
도수향,3.5,199,서울 강남구 선릉로161길 21-4 1층,02-540-2939,37.5273787104138,127.038528777361
리커테이션,4.4,326,서울 강남구 압구정로10길 13 지하1층,02-6339-5337,37.5226433029849,127.022056763287
볼피노,3.7,336,서울 강남구 도산대로45길 10-7 신사동K빌딩 1층,,37.5234866926967,127.036410205985
보슬보슬 역삼본점,,628,서울 강남구 논현로85길 59 남곡빌딩 1층,02-6014-1245,37.4976095062071,127.033280422536
뉴델리,4.6,27,서울 강남구 논현로176길 28,02-541-9300,37.5275054512182,127.030630932349
갓잇 도곡점,4.6,318,서울 강남구 논현로28길 35 1층 101호,02-6082-8986,,
상해루,3.2,337,서울 강남구 강남대로 512 지하1층,02-3446-9453,37.5078978596254,127.023338614644
아카라,4.1,45,서울 강남구 봉은사로43길 14,02-511-3444,37.510182594565,127.039943023574
키이스케이프 강남점,4.0,273,서울 강남구 강남대로96길 17 6층,010-7456-6082,,
매일낙지,3.8,17,서울 강남구 삼성로 557,02-556-0966,37.5112246501292,127.053895836665
가담,3.3,243,서울 강남구 언주로167길 35 1층,02-545-5163,,
꼼모아,3.9,56,서울 강남구 선릉로135길 29 1층,02-6958-5330,,
썸띵어바웃커피,3.6,"1,163",서울 강남구 강남대로102길 30 1-3층,,,
미미면가 본점,3.6,551,서울 강남구 강남대로160길 29 1층,0507-1413-5466,,
까폼 본점,4.0,"1,033",서울 강남구 선릉로153길 18 지하1층,02-6081-7318,37.5248762621515,127.037988213227
이대성의진면목,3.9,426,서울 강남구 삼성로100길 23-3 1층,02-569-7577,,
고반식당 선릉점,3.3,217,서울 강남구 역삼로63길 21 1층,02-568-0099,,
삼호짱뚱이,4.6,69,서울 강남구 도산대로34길 11 1층,02-547-1416,,
오리지널팬케이크하우스 가로수길점,3.8,292,서울 강남구 강남대로162길 41 동원빌딩,02-511-7481,37.5210023004665,127.021602663764
수다 삼성2호점,4.1,232,서울 강남구 삼성로100길 23-13,02-595-3584,37.5108693735036,127.056802744846
아실라,3.4,182,서울 강남구 강남대로98길 16 파빌리온빌딩 지하1층,02-508-4665,37.500739444601,127.027979213399
강서면옥 압구정점,3.8,127,"서울 강남구 언주로164길 19 1,2층",02-3445-0092,,
해담채 삼성점,3.5,85,서울 강남구 테헤란로 504 해성1빌딩 지하1층,02-528-1997,37.5066268201681,127.057346932213
고메램 삼성점,3.5,474,서울 강남구 삼성로96길 15 송영빌딩 2층,02-553-7805,37.5090904790547,127.057075333082
청담골,,203,서울 강남구 선릉로148길 48 미준빌딩 1층,02-543-1252,37.5227679418531,127.043405669306
현대순대국,3.4,193,서울 강남구 강남대로124길 20,,37.5090490769969,127.02421631512
강화통통생고기 논현점,4.4,36,서울 강남구 도산대로30길 12 1층,02-544-1838,,
청국장과보리밥 수서점,3.4,150,서울 강남구 광평로46길 5-5 1-2층,02-3414-3313,37.4860618234355,127.099194737531
애니홀,4.2,42,서울 강남구 테헤란로77길 11-10 1층,02-563-3433,,
외고집설렁탕,3.7,184,서울 강남구 삼성로 555 알앤텍빌딩 1층,02-567-5225,37.5110163357276,127.053900663553
스타벅스 수서역R점,3.6,57,서울 강남구 광평로 281 수서빌딩 1층,1522-3232,37.4881247193412,127.103147850146
옛날농장,4.6,10,서울 강남구 압구정로28길 40 더원빌딩,02-516-2566,37.5239973673887,127.027463671663
타워차이 타워팰리스점,3.4,19,서울 강남구 언주로30길 56 타워팰리스1차 상가 201호,02-2057-7003,37.4880695220981,127.053483219997
소나무,4.2,30,서울 강남구 압구정로28길 22-9,02-546-0111,37.5250080893011,127.026777019732
우와 신사점,3.5,451,서울 강남구 강남대로158길 17 1층,,,
금돈옥 대치점,3.6,104,서울 강남구 도곡로 426,02-555-9092,37.4973976516784,127.05713394493
창고43 삼성점,3.1,81,서울 강남구 테헤란로 534 글라스타워 지하1층,02-3453-4343,37.5080381764122,127.06279566981
미면정 양재본점,4.2,"1,055",서울 강남구 남부순환로365길 22 2층,02-573-8833,,
전통백암순대국 삼성점,3.9,62,서울 강남구 테헤란로81길 37 1층,02-538-5336,,
크라이치즈버거 삼성역점,4.4,427,서울 강남구 테헤란로 620 미래에셋타워 지하1층,02-566-6244,37.5091979690111,127.065578760717
기욤 청담점,3.3,467,서울 강남구 선릉로152길 17 1층 101호,02-512-6701,,
스타벅스 신사가로수점,3.8,43,서울 강남구 가로수길 59,1522-3232,37.5218897968686,127.022521249316
치폴라로쏘 삼성점,3.7,215,서울 강남구 영동대로114길 5 지하2층,02-512-1274,37.5153034086372,127.060406029982
도산분식 압구정점,3.4,42,서울 강남구 도산대로49길 10-6 젤로빌딩 1층,02-514-5060,37.5237141786447,127.037896897426
만두랑,4.0,48,서울 강남구 역삼로19길 29 1층,02-557-9397,,
왕스덕 논현점,3.8,130,서울 강남구 도산대로 130 하림타워 지하1층,02-540-8524,37.5171894466777,127.022974108726
셀렉티드마롱,3.3,306,서울 강남구 테헤란로4길 37 1층,070-4284-5104,,
맛자랑,3.8,335,서울 강남구 선릉로 524 1층 107호,02-563-9646,,
일일향 2호점,3.5,25,서울 강남구 봉은사로 167,02-512-9181,37.507246947003,127.032257860617
삼식이감자탕,4.1,139,서울 강남구 논현로34길 19 1층 101호,02-529-0828,,
진대감 선릉점,4.7,"1,980",서울 강남구 테헤란로70길 25 101호,02-564-1253,37.5040321505189,127.054001273494
도치피자 강남,4.0,360,서울 강남구 강남대로98길 27 1층,02-556-8001,,
해우리 선릉L7점,3.5,25,서울 강남구 테헤란로 415,02-539-4997,37.5057885877997,127.051541631852
금돈옥 청담점,4.8,143,서울 강남구 삼성로133길 14 1층,,,
나즈드라비 본점,4.2,100,서울 강남구 테헤란로1길 28-6 제이빌딩 지하1층,02-558-0053,37.5002442492969,127.027989319815
스타벅스 강남R점,4.2,172,서울 강남구 강남대로 390 미진프라자 1층 101호,1522-3232,37.4978399531903,127.028578846319
통영집,3.8,42,서울 강남구 선릉로 527 1층,02-562-9277,,
갓덴스시 신사점,3.3,124,"서울 강남구 강남대로152길 40 석천빌딩 1,2층",02-3446-1477,37.5179856575883,127.022536590979
더피자스탠드,4.4,203,서울 강남구 삼성로81길 39 1층,02-553-1529,,
윙스탑 강남점,4.4,217,서울 강남구 봉은사로2길 20,,37.5033700849437,127.025716039131
봉우이층집,3.8,603,서울 강남구 봉은사로18길 76 2층,02-553-8454,,
정성가득한집,4.7,29,서울 강남구 논현로75길 4 1층,,,
담뿍화로된장찌개 강남점,3.2,44,서울 강남구 강남대로94길 95 태양빌딩 1층,02-567-8584,37.5011185335464,127.034948945727
제주탐하리 역삼점,4.2,228,서울 강남구 봉은사로26길 21 1층,02-501-6060,,
루프808,4.2,310,서울 강남구 강남대로 470 808타워 16층,02-3452-8088,37.5043293460531,127.025061202164
창고43 청담점,3.4,55,"서울 강남구 도산대로 421 JS빌딩 1,2층",02-515-3343,37.5239455343433,127.041958907593
바우한우,4.2,266,서울 강남구 선릉로89길 16 능현빌딩 1층,02-501-0440,37.5034233922924,127.047819753309
미토우,4.2,112,서울 강남구 도산대로70길 24 1층,,,
다모아분식,3.0,44,서울 강남구 논현로150길 41 1층,02-542-0435,,
정돈 신사점,4.0,246,서울 강남구 강남대로160길 28,02-549-0924,37.5197517192215,127.021043153918
김돈이 본점,4.2,478,서울 강남구 선릉로94길 9,02-558-5256,37.5061068110662,127.049245944558
이치에,3.6,124,서울 강남구 선릉로155길 23-3 2층,070-4273-4087,37.5255757873904,127.037747378589
코다차야 강남점,2.9,110,서울 강남구 강남대로 468 지하1층,,37.5041557043851,127.025145513654
풍천민물장어,4.3,14,서울 강남구 개포로 628 1층,02-451-1947,,
우제홍참치,3.9,218,서울 강남구 학동로2길 50 2층,02-517-1268,,
대낚식당,3.5,968,서울 강남구 역삼로 137 1층,02-558-5561,,
진대감 역삼점,4.1,660,서울 강남구 봉은사로30길 75 1층,02-552-2472,,
남도구들,2.8,16,서울 강남구 논현로75길 16,02-508-2741,37.4963913528413,127.037468067421
수림복국,4.2,24,서울 강남구 테헤란로77길 11-13 1층,0507-1318-0314,,
비비브라운,4.0,16,서울 강남구 도산대로 412 남강빌딩 1층,02-545-5707,37.5229657694569,127.040713991937
뜨락,,230,서울 강남구 영동대로142길 13-3,02-543-2987,37.524414841696,127.05555120075
우동명가 기리야마본진,3.9,321,서울 강남구 강남대로84길 23 한라클래식 지하1층,02-567-0068,37.4971298698887,127.0303844347
불이아 삼성점,3.8,88,서울 강남구 테헤란로87길 55,02-566-6689,37.5111833380143,127.057249527146
무오키,4.4,239,서울 강남구 학동로55길 12-12 2층,010-2948-4171,37.5182324347304,127.042017470419
장정정 선릉본점,4.4,149,서울 강남구 선릉로82길 15 로뎀하우스 1층,,37.5028646023608,127.051225786119
참치공방 강남점,3.9,217,서울 강남구 강남대로78길 18 2층,02-538-0220,,
애란궁,3.8,59,서울 강남구 광평로 220-12,02-445-5292,37.4848142427889,127.097843976388
레스쁘아뒤이부,3.1,77,서울 강남구 선릉로152길 33,02-517-6034,37.5245580941157,127.042300440704
오성식당,4.1,634,서울 강남구 삼성로84길 6 1층,02-558-5551,,
중경마라탕 강남역점,3.7,177,서울 강남구 테헤란로1길 44 2층,02-558-5988,,
이태리부대찌개 학동점,3.8,4,서울 강남구 학동로33길 15 1층,02-545-0310,,
안남,3.8,284,서울 강남구 언주로 118 1층 133호,02-571-9412,,
해남집,3.6,26,서울 강남구 강남대로160길 16 1층,02-543-7244,,
트리아농,3.7,196,서울 강남구 학동로59길 43,070-8129-5955,37.5203242609225,127.044564980892
수다 삼성1호점,3.9,261,서울 강남구 테헤란로87길 53,02-596-3584,37.5111089040655,127.057272204674
보름쇠 삼성점,3.8,66,서울 강남구 테헤란로81길 36,02-569-9967,37.5093154932345,127.056631685649
오가네족발 본점,4.1,13,서울 강남구 논현로36길 21 1층,02-575-6607,,
교대이층집 강남역점,3.3,541,서울 강남구 강남대로78길 14 2층,02-562-7113,,
호남식당,2.7,113,서울 강남구 논현로164길 30 1층,02-515-5657,,
금수복국 대치점,2.9,40,서울 강남구 테헤란로78길 16 노벨빌딩 1층,02-558-7172,37.5050615609923,127.05533837197
루위,3.6,"1,808",서울 강남구 도산대로 211 1층,02-3445-0003,,
로마옥 도곡,3.8,401,서울 강남구 강남대로48길 11 1층,02-577-2396,,
오아시스,3.6,333,서울 강남구 도산대로55길 20 영빌딩 1층,02-548-8859,37.5247769123574,127.040603772323
하동관 코엑스몰직영점,3.3,312,서울 강남구 영동대로 513 코엑스몰 지하1층 J101호,02-551-5959,37.5118239121138,127.059159043842
목포집 본점,3.6,159,서울 강남구 강남대로152길 24,02-549-5119,37.517488783,127.021413312725
백미당 본점,4.2,28,서울 강남구 언주로149길 8 2층,,,
아야진생태찌개 본점,3.6,31,서울 강남구 삼성로108길 8,02-555-2680,37.5117844970464,127.054760153435
압구정곱창 본점,4.0,184,서울 강남구 압구정로42길 25-8 1층,02-511-0042,,
플링크 압구정점,4.2,854,서울 강남구 언주로173길 23 1층,02-540-0301,,
효미역 수서본점,2.9,13,서울 강남구 광평로 240 1층,02-3412-3392,,
고메스시,3.6,277,서울 강남구 테헤란로1길 26 2층,02-565-3167,,
코스모왕양꼬치 논현본점,3.5,90,서울 강남구 봉은사로1길 34 2층,02-511-8909,,
압구정면옥,4.1,213,서울 강남구 압구정로30길 16 1층,02-516-3016,,
이자카야나무 논현점,3.6,60,서울 강남구 봉은사로1길 40 지하1층 ~ 3층,02-547-6787,37.5073582608111,127.024169850033
골뱅이신사,3.3,616,서울 강남구 강남대로156길 32 지하1층,02-549-5677,37.5186503686569,127.021839080546
어로장,4.1,95,서울 강남구 테헤란로52길 15 1층 101호,02-568-7708,,
남서울민물장어,3.9,27,서울 강남구 봉은사로 137 1층,02-544-1010,,
수다 대치점,4.4,272,서울 강남구 선릉로86길 37 2층,02-592-3584,,
할매재첩국,3.8,84,서울 강남구 삼성로 308 1층,02-501-6667,,
아방궁,3.6,100,서울 강남구 역삼로1길 18 2층,02-568-0772,,
앨리스,3.9,34,서울 강남구 도산대로55길 47 지하1층,02-511-8420,37.5266775490869,127.040943739564
스시엔초,4.0,20,서울 강남구 봉은사로2길 17 2층,02-561-2870,,
라비옥,3.7,354,서울 강남구 테헤란로25길 42 2층,02-538-8592,,
훠궈나라 강남점,3.5,411,서울 강남구 봉은사로2길 35 소현빌딩 2층,02-554-7701,37.5024315085965,127.026525352052
영양센터 대치동점,2.9,27,서울 강남구 도곡로 436,02-565-5253,37.4977140367764,127.058156258677
사푼사푼 서울 대치본점,3.5,143,서울 강남구 영동대로 416 KT&G타워 1층,02-3484-5408,37.5065841136869,127.065326637295
박고볼래 논현점,3.6,170,서울 강남구 선릉로129길 3-6 1층,02-512-7003,,
우텐더 서울점,3.4,70,서울 강남구 압구정로42길 25-10,010-2055-3889,37.5269965551744,127.035793428168
봉우리 역삼본점,3.3,199,서울 강남구 논현로94길 25-3 2층,02-564-8551,,
르브런쉭 대치점,3.2,261,서울 강남구 삼성로 350 서울빌딩 1층,02-565-5531,37.5028572092895,127.059143825482
다온정,4.2,217,서울 강남구 테헤란로14길 16 라인빌딩 지하2층,02-561-3955,37.4982731528936,127.033082927872
비트포비아 강남던전점,3.7,686,서울 강남구 강남대로84길 33 대우디오빌플러스 지하1층 111호,02-555-4360,37.4975461306128,127.031093425879
풍천민물장어,3.2,7,서울 강남구 언주로 301 1층,02-553-9291,,
마노디셰프 강남점,4.3,379,서울 강남구 테헤란로 129 강남N타워 지하1층,02-553-5311,37.4999326440603,127.032367803374
바비레드 강남본점,,"1,588",서울 강남구 봉은사로6길 39 지하 1층,0507-1405-1516,37.5026858061231,127.027942392592
식물학,3.4,243,서울 강남구 강남대로154길 33 신사모던빌딩 1층 101호,02-518-0701,37.5183733442986,127.021653600488
가나돈까스의집,2.9,313,서울 강남구 언주로 608 1층 3호,02-511-6247,,
압구정하루,4.1,383,서울 강남구 언주로172길 56 1층,02-514-5557,,
풍년집 역삼본점,4.3,19,서울 강남구 역삼로14길 13,02-539-9886,37.4937504863685,127.035773937656
통영집,4.1,18,서울 강남구 논현로 511 YandC빌딩 지하 1층,02-508-3330,37.5022305219782,127.03595938434
명인등심 압구정본점,4.3,84,서울 강남구 도산대로 211 동현빌딩 2층,02-3446-5544,37.5205955456524,127.029681739673
몰타참치,3.9,66,서울 강남구 삼성로85길 26 v&s빌딩 2층,02-508-7861,37.5049671856486,127.055038481898
스시유,3.3,15,"서울 강남구 영동대로 407 1, 2층",010-2781-7871,37.5056030103188,127.064339793557
60년전통신촌황소곱창 강남직영점,,206,서울 강남구 강남대로100길 13 스타빌딩 1층,02-556-2640,37.5018423748736,127.027168865561
스시히로바 삼성동본점,2.9,68,서울 강남구 삼성로 620 1층,02-515-5511,,
늘복집,4.3,142,서울 강남구 밤고개로14길 13-48 2-3층,02-459-3347,37.4814182091757,127.104012030996
창고43 역삼점,3.7,53,서울 강남구 테헤란로 306 카이트타워 1층,02-501-4343,37.5025952829367,127.044101954044
정월,3.4,523,서울 강남구 강남대로102길 46 1층,02-6013-0926,,
청와옥 본사직영학동점,3.9,395,서울 강남구 언주로 708 1-2층,02-511-5780,,
비야게레로,4.2,458,서울 강남구 봉은사로78길 12 1층 101호,02-538-8915,,
마담밍 선릉점,4.4,209,서울 강남구 선릉로86길 5-4 1층,02-567-6992,,
광주육전,3.7,172,서울 강남구 학동로4길 45 1층,02-544-6007,,
빠완,4.1,174,서울 강남구 선릉로86길 34 2층,02-515-8892,,
문배동육칼 삼성직영점,4.1,100,서울 강남구 삼성로96길 3,02-555-6205,37.5087151036674,127.056170677658
칙피스 가로수길점,4.1,183,서울 강남구 강남대로152길 69 1층,02-6956-6780,,
서래향 수서점,,78,서울 강남구 광평로51길 6-9 1층,02-451-8183,,
논현손칼국수,3.3,321,서울 강남구 논현로111길 16 1층,02-517-6030,,
대치동집,3.8,837,서울 강남구 테헤란로64길 25,,37.5032943258802,127.051767915837
진가와 한국본점,3.1,258,서울 강남구 논현로94길 25-3 지하1층,02-564-8553,37.5030410113859,127.03814644944
우랑 청담점,4.3,162,서울 강남구 압구정로79길 79 제이엠빌딩 1층,02-3445-4005,37.5261092686954,127.053596230339
붓처스컷 삼성점,3.1,220,서울 강남구 테헤란로87길 17 지하1층,02-552-6647,37.5087436940538,127.058342385872
우리집만두 선릉본점,3.7,39,서울 강남구 선릉로 424 1층,,,
쉐이크쉑 강남스퀘어점,3.7,182,서울 강남구 강남대로 352 1층,02-568-0380,,
문어앤치킨 삼성점,3.6,91,서울 강남구 삼성로104길 24,02-517-1943,37.5111425206875,127.056692899298
게방식당,3.0,87,서울 강남구 선릉로131길 17 1층,010-8479-1107,,
원픽,4.5,264,서울 강남구 선릉로127길 10 1층,02-2138-2129,,
가배도 신논현점,3.4,429,서울 강남구 강남대로110길 13 호림빌딩 2-3층,02-554-4542,,
동래복국,3.4,272,서울 강남구 테헤란로84길 13 2층,02-753-5038,,
로얄라운지,4.1,4,서울 강남구 논현로 709,02-514-1247,37.5152907715759,127.029788000546
그란구스또,4.1,39,서울 강남구 삼성로 340 1-2층,02-556-8944,,
페어링룸,4.0,646,서울 강남구 도산대로81길 14 1층,,,
함지곱창전문,3.5,254,서울 강남구 학동로2길 33 1층,02-3444-6919,,
세광양대창 논현점,4.3,"1,331",서울 강남구 강남대로118길 12 부경빌딩 1층,02-558-8484,37.5063118920787,127.024757288909
프론트서울,3.2,712,서울 강남구 도산대로11길 29 1층,02-548-4981,,
데블스도어 코엑스점,3.0,162,서울 강남구 영동대로 513 코엑스빌딩 1층,02-6002-2001,37.5118239121138,127.059159043842
다운타우너 청담,4.2,451,서울 강남구 도산대로53길 14 1층,070-8833-3696,,
아트몬스터 강남역점,4.1,314,서울 강남구 테헤란로1길 28-3 1-2층,02-6448-6110,37.5001491916371,127.027612921336
유정식당,3.6,93,서울 강남구 도산대로28길 14,02-511-4592,37.5183664982068,127.02806735115
마포집,3.1,103,서울 강남구 남부순환로 2726 거북빌딩 1층,02-529-2954,37.4856013721715,127.044151549377
은행골 신사점,3.9,"1,291",서울 강남구 강남대로152길 42 2층,02-3444-4988,,
스시키,4.2,140,서울 강남구 선릉로107길 3-4 운경빌딩 1층,02-539-2008,37.5088926840394,127.043844843116
잠수교집 5호점,,"1,272",서울 강남구 언주로153길 14 1층 101호,02-543-0434,,
영동원삼겹살,4.1,155,서울 강남구 강남대로 520,02-541-5090,37.5086773753858,127.023051010941
진오봉참치,3.4,103,"서울 강남구 테헤란로7길 22 한국과학기술회관 2관 지하2층 204,205호",02-508-5037,37.500722082344,127.030768815378
원조닭한마리,3.8,140,"서울 강남구 논현로10길 13 1,2층",02-3461-4422,,
참치공방 선릉점,4.3,210,서울 강남구 삼성로85길 39 가리온빌딩 2층,02-501-3328,37.5042370011976,127.054280655061
스타벅스 선릉세화빌딩점,2.8,36,서울 강남구 테헤란로64길 18 세화빌딩 1층,1522-3232,37.5037725578123,127.05119768025
영동교집 청담직영점,,"2,197",서울 강남구 선릉로148길 11 1층,02-543-5882,,
아리노마마 대치점,3.0,14,서울 강남구 도곡로63길 20,02-555-4623,37.4984220636503,127.054141419572
해봉정육 본점,3.2,102,서울 강남구 테헤란로108길 25 대동빌딩 1층,02-561-9929,37.5077460789185,127.066565204126
더달달,4.0,797,"서울 강남구 강남대로102길 38-6 1층, 2층",02-562-3737,37.5032221916184,127.028250435659
서평기사식당,3.7,35,서울 강남구 개포로 646,02-2226-1005,37.4947190341979,127.083498810037
나폴리회관,,113,서울 강남구 테헤란로5길 24 1층,02-538-5067,,
탐라도야지,3.3,245,"서울 강남구 삼성로104길 13 1,2층",02-538-7577,,
현대정육식당,3.1,59,서울 강남구 선릉로146길 5,02-540-7205,37.5219209771471,127.040157426174
카메스시,4.4,175,서울 강남구 선릉로121길 7 1층 101호,010-3688-8322,,
연탄공장,3.2,104,서울 강남구 압구정로48길 36-4,02-514-4082,37.5262058936345,127.036487776589
밤을걷는선비,3.9,159,서울 강남구 강남대로118길 11 지하1층,,37.5066350368622,127.024544768324
오늘은닭 삼성코엑스점,3.0,41,서울 강남구 테헤란로83길 51 1층,0503-7151-6122,,
대찬횟집,3.5,26,서울 강남구 선릉로86길 16-3 지하1층,02-2051-8588,37.5031875737876,127.051315803745
맛뜸최가뼈다귀해장국 논현1호점,4.0,49,서울 강남구 학동로37길 23 1층,02-544-7109,,
에빗,4.1,77,서울 강남구 도산대로45길 10-5 LS빌딩 1층 101호,0507-1399-1029,37.5234326965405,127.036202029788
지아니스나폴리 역삼점,4.1,92,서울 강남구 논현로94길 15 지하1층,02-566-0501,37.5026716983738,127.037555347253
포크댄스(Pork Dance),4.1,105,서울 강남구 강남대로118길 31 지하1층,02-2038-7200,37.5071035980329,127.025635887553
샤블리,4.0,284,서울 강남구 강남대로152길 35 2층,0507-1432-8869,,
효도치킨 논현점,4.0,51,서울 강남구 도산대로46길 21 한진로즈힐아파트 101동 지1층 B120호,02-518-0628,37.5208421273132,127.037093416442
가드너아드리아,3.7,72,서울 강남구 압구정로46길 73 1층,02-549-4698,,
우리소 삼성본점,4.0,"1,392",서울 강남구 테헤란로84길 25 1층,02-557-0577,,
추오정 남원추어탕,4.3,67,서울 강남구 밤고개로14길 13,02-2226-8582,37.4814182091757,127.104012030996
